{"cameraMode":{"drawMode":0,"name":"Shaded","section":"Shading Mode"},"sceneLighting":true,"audioPlay":false,"sceneViewState":{"showFog":true,"showMaterialUpdate":false,"showSkybox":true,"showFlares":true,"showImageEffects":true,"showParticleSystems":true},"in2DMode":false,"pivot":{"x":298.20001220703127,"y":0.000003814697265625,"z":0.0},"rotation":{"x":0.03510231524705887,"y":0.9627223610877991,"z":-0.21974533796310426,"w":0.1537841409444809},"size":908.9285888671875,"orthographic":false}